,Unnamed: 0.1,Unnamed: 0,trans_date_trans_time,cc_num,merchant,category,amt,first,last,gender,street,city,state,zip,lat,long,city_pop,job,dob,trans_num,unix_time,merch_lat,merch_long
0,0,330652,26/10/2020 03:35,4988300000000.0,fraud_Prohaska-Murray,gas_transport,43.63,William,Thompson,M,977 Rita Grove Apt. 000,Rock Tavern,NY,12575,41.4575,-74.1659,2258,Building surveyor,17/03/1937,b7f97a4c4aecc3162bbc83aa9ff07b0c,1382758551,40.676759,-74.381962
1,1,485480,15/12/2020 22:39,3547570000000000.0,fraud_Daugherty LLC,kids_pets,105.41,Jacob,Patel,M,54822 Hill Forks,Dieterich,IL,62424,39.0319,-88.4074,2092,"Psychologist, clinical",30/04/1962,b3d3e3e52b7c4293338ec1966e2e0a68,1387147198,38.612299,-88.686008
2,2,331571,26/10/2020 12:13,371009000000000.0,"fraud_Ferry, Lynch and Kautzer",misc_net,1.95,Randall,Burgess,M,393 Carroll Route Suite 197,Norman Park,GA,31771,31.2462,-83.6549,5666,Rural practice surveyor,14/09/2003,ac39f484a5b850aadf8adb70c723e1c2,1382789583,31.763364,-83.008062
3,3,420690,01/12/2020 18:46,676195000000.0,"fraud_Turner, Ziemann and Lehner",food_dining,1.8,Brandy,Quinn,F,9734 Beard Fields Suite 885,Altair,TX,77412,29.6047,-96.5249,106,"Editor, film/video",24/07/1983,f541d7aaa7b91391053e3f0ec98edbd5,1385923610,30.013265,-95.764172
4,4,177547,22/08/2020 23:04,4.22371e+18,"fraud_Denesik, Powlowski and Pouros",home,81.53,Adam,Riddle,M,27718 Mason Bypass,Mount Saint Joseph,OH,45051,39.0965,-84.6431,177,Exhibition designer,30/05/1974,77e63482698e7b60eea5f1a860a7fe63,1377212649,40.019792,-85.29438
5,5,293353,09/10/2020 19:56,3598220000000000.0,fraud_Denesik and Sons,shopping_pos,1.37,Ashley,Lopez,F,9333 Valentine Point,Bellmore,NY,11710,40.6729,-73.5365,34496,"Librarian, public",21/10/1970,53cc780bbbfd30283562b357eb87905b,1381348598,40.905683,-73.34449
6,6,542198,28/12/2020 21:03,4873780000000000.0,fraud_Gottlieb Group,kids_pets,5.08,Elizabeth,Maxwell,F,194 Goodman Fall Apt. 569,Burlington,WA,98233,48.4786,-122.3345,14871,Public house manager,10/03/1974,a5f28f563756ec1e7265f47dc982bd56,1388264582,48.614754,-122.789486
7,7,83415,20/07/2020 11:12,568279000000.0,fraud_Rempel PLC,grocery_net,48.55,Micheal,Hernandez,M,6139 Mark Rapid Apt. 651,Christine,ND,58015,46.5522,-96.7909,291,Television floor manager,01/05/1991,a76cebd452aed53f6ec551e073f2463d,1374318726,46.109376,-97.552252
8,8,478016,14/12/2020 18:15,3556610000000000.0,fraud_Rau and Sons,grocery_pos,83.09,Jose,Vasquez,M,572 Davis Mountains,Lake Jackson,TX,77566,29.0393,-95.4401,28739,Futures trader,27/12/1999,c6c3fa9b9974e22c5af43d516cf8f605,1387044918,29.117266,-95.861754
9,9,135561,07/08/2020 22:07,4926380000000000.0,fraud_Treutel-King,travel,2.38,Claire,Davis,F,83685 Matthew Center Suite 870,Cherokee Village,AR,72529,36.3011,-91.5281,4726,Pharmacologist,07/06/1977,a5625d1d91337bbcae6767929cbd5bfd,1375913264,35.664974,-91.192221
10,10,335784,27/10/2020 18:42,180085000000000.0,"fraud_Baumbach, Hodkiewicz and Walsh",shopping_pos,124.54,Holly,Mann,F,7644 Joseph Fields,Nokomis,IL,62075,39.3036,-89.2853,3458,Building surveyor,08/12/1985,70f3253baeb7b82cba6be36f41da9a96,1382899341,40.024612,-88.428425
11,11,456809,09/12/2020 21:42,30030400000000.0,"fraud_Koss, McLaughlin and Mayer",food_dining,60.87,William,Jenkins,M,50614 Kevin Point,Harper,TX,78631,30.2816,-99.241,2395,"Pharmacist, community",17/11/1993,4130485c973a52eae408dadebd658bc7,1386625345,30.037124,-98.27476
12,12,355827,06/11/2020 02:50,30427000000000.0,fraud_Kuhn LLC,misc_net,34.38,John,Chandler,M,88325 Brandon Greens Apt. 477,Detroit,MI,48202,42.377,-83.0796,673342,Broadcast presenter,20/11/1969,85bf3e92a19647e63481af531c82172b,1383706245,42.409298,-83.412567
13,13,107995,28/07/2020 14:56,573860000000.0,fraud_Powlowski-Weimann,food_dining,51.71,Cristian,Jones,M,0423 Kirby Field Suite 623,Wilmette,IL,60091,42.0765,-87.7246,27020,Trade mark attorney,23/07/1986,ea0cf9a5657470c0665cfe9f8f55ee98,1375023379,41.779846,-87.122825
14,14,447558,07/12/2020 22:40,4.95683e+18,fraud_Kilback and Sons,entertainment,13.58,Kenneth,Robinson,M,269 Sanchez Rapids,Elizabeth,NJ,7208,40.6747,-74.2239,124967,Operational researcher,21/12/1980,09c5ff8b6716f83aa0f2f78f7f594f18,1386456035,41.509248,-74.141399
15,15,308724,16/10/2020 13:01,4874020000000000.0,"fraud_Langosh, Wintheiser and Hyatt",food_dining,34.96,Lauren,Williams,F,065 Jones Stravenue,Lake Oswego,OR,97034,45.4093,-122.6847,42817,Planning and development surveyor,28/05/1982,c488edf00c1471fee343020008e90ed3,1381928512,44.879473,-122.072735
16,16,384833,18/11/2020 06:40,6011110000000000.0,fraud_Dicki Ltd,grocery_net,52.64,Rebecca,Erickson,F,594 Berry Lights Apt. 392,Wilmington,NC,28405,34.2651,-77.867,186140,English as a second language teacher,08/02/1983,7d466cdf91221ae681b35b3a72ccc84c,1384756822,34.727792,-77.697031
17,17,27386,30/06/2020 09:35,4025610000000000.0,fraud_Vandervort-Funk,grocery_pos,93.6,Krystal,Key,F,23142 Montoya Island Apt. 742,Corsica,PA,15829,41.1762,-79.1976,1274,Maintenance engineer,20/03/1949,63c31249303933b244336ad7413bba90,1372584936,42.055564,-78.769892
18,18,354511,05/11/2020 08:15,4.79263e+18,fraud_Miller-Harris,misc_net,13.79,Margaret,Mendez,F,7952 Karen Pike,De Soto,KS,66018,38.9462,-94.9714,5760,Chief Executive Officer,01/10/1978,38fe81cd79d562399d96fdd3143c922b,1383639331,38.475451,-95.769063
19,19,505323,21/12/2020 00:09,4279160000000.0,fraud_Kilback LLC,grocery_pos,143.24,Lisa,Hendrix,F,35737 Kirby Fall Suite 409,Vanderbilt,PA,15486,40.0246,-79.6955,2303,Physiotherapist,16/08/1987,5fc29fa6cc32e2437730b27551508b4f,1387584558,39.856115,-79.35232
20,20,279989,04/10/2020 03:02,180048000000000.0,fraud_Padberg-Welch,grocery_pos,196.4,Mary,Wall,F,2481 Mills Lock,Plainfield,NJ,7060,40.6152,-74.415,71485,Leisure centre manager,19/07/1974,a50fbe481d3c28ad6f934ae87dfb2b4e,1380855723,40.674547,-74.599164
21,21,41332,05/07/2020 19:54,4424340000000000.0,fraud_Klein Group,entertainment,58.73,Denise,Barnett,F,23220 Eaton Harbors,Kirby,OH,43330,40.813,-83.4196,118,Private music teacher,12/11/1957,8a2b6fd19d3b411aa039d8f56a5a8025,1373054058,41.386511,-84.25906
22,22,344917,01/11/2020 14:20,3502090000000000.0,fraud_Lesch Ltd,shopping_pos,8.23,Scott,Martin,M,31472 Cody Place Suite 740,Kensington,MD,20895,39.0298,-77.0793,19054,Operations geologist,08/09/1976,aa1fd7e2dae5419d7f982c2b3350f187,1383315612,39.574867,-76.128963
23,23,11772,24/06/2020 23:08,561943000000.0,fraud_Shanahan-Lehner,personal_care,65.32,Melissa,Brown,F,330 Montoya Ramp,Washington,DC,20036,38.9087,-77.0414,601723,Prison officer,14/03/1986,cbd64caf75e31168f8e8deb804f76a39,1372115313,39.472136,-76.811473
24,24,440352,06/12/2020 19:52,4.98985e+18,"fraud_Hermiston, Russel and Price",food_dining,38.94,Vanessa,Anderson,F,21178 Brittney Locks,Prosperity,SC,29127,34.1832,-81.5324,8333,Archaeologist,09/07/1994,749114c6dc74981c96e66c4d5201d75f,1386359555,33.356406,-80.652615
25,25,48883,07/07/2020 17:48,4979420000000000.0,"fraud_Schneider, Hayes and Nikolaus",food_dining,18.24,Kelly,Zimmerman,F,1893 Katie Tunnel,Westerville,NE,68881,41.4193,-99.3844,73,Product designer,10/02/1935,47fbe33757d22995f6e42eb7f67c1241,1373219286,42.252497,-100.044778
26,26,363365,09/11/2020 11:43,4.50254e+18,fraud_Rau and Sons,grocery_pos,107.76,Stephanie,Cummings,F,1025 Robin Square,Ash Flat,AR,72513,36.2201,-91.6421,2856,Hydrologist,27/08/1926,a002355f06c7ed4fc52f75d5a60bcf03,1383997393,36.891762,-91.735306
27,27,552122,30/12/2020 22:44,377896000000000.0,"fraud_Durgan, Gislason and Spencer",home,18.99,Kimberly,Myers,F,6881 King Isle Suite 228,Higganum,CT,6441,41.4682,-72.5751,5438,"Librarian, academic",17/11/1964,8fece5204f9396d612f611dfbfef06b6,1388443487,42.360172,-72.037311
28,28,279992,04/10/2020 03:04,3514870000000000.0,"fraud_Rowe, Batz and Goodwin",grocery_pos,131.99,Christopher,Castaneda,M,1632 Cohen Drive Suite 639,High Rolls Mountain Park,NM,88325,32.9396,-105.8189,899,Naval architect,30/08/1967,b6f6f3b594581bc42b7564609f3026b1,1380855885,32.966732,-106.453255
29,29,439132,06/12/2020 15:08,375975000000000.0,fraud_Jewess LLC,shopping_pos,7.75,Roberta,Mccarthy,F,94431 Matthew Mall Suite 296,Plymouth,CT,6782,41.6611,-73.0449,2376,Herpetologist,06/04/1973,8b5ab131c9992c213464300a3a4147c9,1386342503,41.94538,-73.063571
30,30,84225,20/07/2020 15:20,6011650000000000.0,fraud_Abbott-Rogahn,entertainment,37.61,Kathryn,Smith,F,19838 Tonya Prairie Apt. 947,Rocky Mount,MO,65072,38.2911,-92.7059,1847,Tax inspector,26/10/1988,a18e70681b06fa85b392112487bde883,1374333608,39.187976,-92.078126
31,31,32851,02/07/2020 13:17,3533010000000000.0,fraud_Gleason-Macejkovic,shopping_net,537.57,Megan,Bernard,F,128 Nathan Ramp,Barneveld,NY,13304,43.2237,-75.1612,1684,IT trainer,01/03/1994,83dea79c710c2aa0240a3650b3b4b6bf,1372771049,42.224361,-74.857066
32,32,551203,30/12/2020 16:32,180094000000000.0,"fraud_Goyette, Howell and Collier",shopping_pos,9.79,Sharon,Smith,F,17666 David Valleys,Sun City,CA,92585,33.7467,-117.1721,54287,"Designer, exhibition/display",22/09/1972,6d0f941f702fb1ef4a0f2bec276afe1a,1388421153,34.228033,-117.713608
33,33,299654,12/10/2020 12:00,630442000000.0,fraud_Johns Inc,entertainment,210.36,Susan,Washington,F,759 Erin Mount Suite 956,May,TX,76857,31.9571,-98.9656,1791,Corporate investment banker,26/07/1965,1cd2b530d2f9ab245ebab011410004c7,1381579217,31.060776,-99.950132
34,34,365838,10/11/2020 03:23,4550600000000000.0,"fraud_Kerluke, Kertzmann and Wiza",misc_net,5.07,Angela,West,F,9471 Wong Islands,Mansfield,OH,44902,40.7559,-82.5123,92985,Press photographer,29/05/1968,ea12c7c3c04e054e51b12dc5cfd08b5b,1384053795,41.533541,-82.797399
35,35,84656,20/07/2020 17:21,4.662e+18,fraud_Jacobi Inc,health_fitness,66.91,Linda,Park,F,24607 Charles Mountains,Fenelton,PA,16034,40.8555,-79.7372,2054,Operations geologist,04/08/1963,099e1e2a7ede15dc9943b98383537528,1374340890,40.522303,-79.122611
36,36,512439,22/12/2020 03:38,4344960000000000.0,fraud_Wiegand-Lowe,grocery_net,49.13,Christopher,Rodgers,M,30587 Fox Shores Apt. 627,Fenelton,PA,16034,40.8555,-79.7372,2054,Communications engineer,29/09/1976,3b0e0a85e78db8b01b44054f3a22c697,1387683535,40.377852,-79.206645
37,37,500439,20/12/2020 03:17,4629450000000000.0,fraud_Huels-Hahn,gas_transport,63.65,Karen,Warren,F,4900 Curtis Gardens Suite 952,Hahira,GA,31632,30.9416,-83.3574,10295,"Teacher, special educational needs",26/12/1997,2d23415a775f4729ef9638620ce30559,1387509464,31.043181,-82.632759
38,38,151483,13/08/2020 01:54,4334230000000000.0,fraud_Denesik and Sons,shopping_pos,8.34,Scott,Martin,M,7483 Navarro Flats,Freedom,WY,83120,43.0172,-111.0292,471,"Education officer, museum",02/08/1967,afb0edf61ad993c51375e7bd4f989cff,1376358886,43.361978,-111.658147
39,39,53279,09/07/2020 16:55,3521420000000000.0,fraud_Baumbach Ltd,personal_care,24.72,Angela,Hodges,F,08236 Kim Hill,Indianapolis,IN,46254,39.849,-86.272,910148,Firefighter,30/11/1975,707884f814032f51f825e300ef6774b5,1373388954,40.380551,-87.005329
40,40,531682,27/12/2020 01:18,3536920000000000.0,fraud_Sporer Inc,gas_transport,54.58,Michelle,Juarez,F,44864 Melton Vista Suite 310,San Jose,CA,95148,37.3304,-121.7913,973849,Science writer,12/06/1955,304e1dca1ecd05a7329527e12c7c828e,1388107093,38.049289,-122.731869
41,41,481134,15/12/2020 06:33,30446000000000.0,fraud_Kiehn-Emmerich,grocery_pos,114.09,Felicia,Thomas,F,47035 Murray Harbors,Achille,OK,74720,33.8396,-96.3648,608,Seismic interpreter,27/05/1993,4f964cc1d0a57d303c062eacf501285f,1387089225,33.579988,-97.065188
42,42,56502,11/07/2020 00:57,180094000000000.0,fraud_McDermott-Rice,misc_pos,6.1,Sharon,Smith,F,17666 David Valleys,Sun City,CA,92585,33.7467,-117.1721,54287,"Designer, exhibition/display",22/09/1972,1d86d729996ffd85ada2bdfeaf494966,1373504279,33.927991,-117.178349
43,43,82419,20/07/2020 03:22,4147610000000000.0,fraud_Wolf Inc,grocery_pos,165.85,Edward,Tapia,M,354 Gutierrez Gateway,Comfrey,MN,56019,44.1111,-94.9134,914,Health and safety adviser,26/07/1944,452b70349cbcafd3b1b3e232bf996971,1374290529,44.843898,-95.26086
44,44,375414,14/11/2020 22:54,3593120000000000.0,fraud_Nader-Maggio,personal_care,147.24,Laura,Casey,F,6114 Moran Way,Steuben,ME,4680,44.4971,-67.9503,1131,Make,10/05/1959,6d789b118cc4652e3d5788252ef2824c,1384469647,45.439953,-67.583698
45,45,118134,01/08/2020 23:30,3553630000000000.0,fraud_Goyette-Herzog,travel,9.31,Sharon,Johnson,F,7202 Jeffrey Mills,Conway,WA,98238,48.34,-122.3456,85,"Research officer, political party",01/09/1984,becfdfc7a28cf2212a0e9a7a9423e113,1375399824,47.569765,-121.986592
46,46,252781,21/09/2020 18:28,373905000000000.0,"fraud_Klocko, Runolfsdottir and Breitenberg",health_fitness,60.61,Sarah,Bishop,F,554 Mcdonald Valley Apt. 539,Meridian,TX,76665,31.929,-97.6443,2526,Phytotherapist,12/11/1970,6cfd44eba242dc68f9896e5b9359accc,1379788119,32.84102,-97.414982
47,47,263833,27/09/2020 01:38,30153500000000.0,fraud_Mayert Group,shopping_pos,5.33,Robin,Smith,F,0537 Margaret Common Suite 526,Coleman,TX,76834,31.8287,-99.427,5908,Radio producer,05/04/1962,aa33c315bb73229be410100bc9384d56,1380245892,31.704452,-99.79663
48,48,329550,25/10/2020 18:56,375768000000000.0,"fraud_Cronin, Kshlerin and Weber",health_fitness,12.2,Christopher,Patterson,M,16744 Campbell Wall Apt. 372,Timberville,VA,22853,38.6476,-78.7717,4367,Waste management officer,12/04/1962,28dd449eb9309e8887945ac47c8a6aff,1382727360,38.278949,-78.55835
49,49,208645,02/09/2020 02:56,3583640000000000.0,"fraud_Kohler, Lindgren and Koelpin",grocery_net,39.61,Crystal,Gamble,F,899 Michele View Suite 960,Philadelphia,PA,19149,40.0369,-75.0664,1526206,Structural engineer,01/01/1985,3b4c5dccdf3970a7a30cc475003c72b6,1378090567,39.792367,-75.11471
50,50,321369,21/10/2020 13:20,4005680000000000.0,fraud_Fritsch and Sons,health_fitness,62.94,William,Perry,M,458 Phillips Island Apt. 768,Denham Springs,LA,70726,30.459,-90.9027,71335,Herbalist,31/05/1994,f20657591e317f0c62fe26d7665ade8e,1382361626,30.876258,-90.755471
51,51,90189,22/07/2020 03:48,30199600000000.0,fraud_Pacocha-O'Reilly,grocery_pos,173.35,Theresa,Powell,F,117 Natasha Vista Suite 936,Leonard,TX,75452,33.4044,-96.2238,4090,Sub,23/03/1977,08a5fb699e799a27e7704837ab00b6d7,1374464936,33.40377,-96.187828
52,52,279374,03/10/2020 20:35,377234000000000.0,fraud_Haag-Blanda,food_dining,15.68,Theresa,Blackwell,F,43576 Kristina Islands,Shenandoah Junction,WV,25442,39.3716,-77.8229,1925,Systems developer,14/02/1966,d754995a6e2186937843d26c022a70e6,1380832537,39.824215,-77.535583
53,53,123051,03/08/2020 10:41,3598220000000000.0,fraud_Lockman Ltd,grocery_pos,209.44,Ashley,Lopez,F,9333 Valentine Point,Bellmore,NY,11710,40.6729,-73.5365,34496,"Librarian, public",21/10/1970,e3864fa39ce6a19dc2df4491094c4a05,1375526467,41.659519,-72.957878
54,54,328733,25/10/2020 13:15,4681700000000.0,fraud_Collier LLC,home,34.22,Joseph,Gonzalez,M,319 Wendy Fort Suite 179,Murfreesboro,TN,37132,35.8596,-86.421,158701,"Journalist, newspaper",06/03/1978,a17d713f7cf5d90ad8cc6fc01c634802,1382706957,36.572269,-85.69528
55,55,71059,15/07/2020 14:51,213103000000000.0,fraud_Hamill-D'Amore,health_fitness,8.37,Joanne,Padilla,F,477 Alejandro Knolls Suite 828,Gardiner,OR,97441,43.7857,-124.1437,260,"Engineer, maintenance",01/09/1956,b1764fffc4124e895bf8d943e307b867,1373899866,44.743259,-124.306118
56,56,312909,18/10/2020 13:31,340954000000000.0,"fraud_Baumbach, Feeney and Morar",shopping_net,180.42,Tyler,Wright,M,615 Clarke Spring Apt. 172,Warren,MI,48088,42.5164,-82.9832,134056,"Doctor, hospital",18/05/1980,739c7960b35aaa419f93b26f7e6ec48f,1382103070,42.998638,-82.371968
57,57,81638,19/07/2020 21:57,38859500000000.0,fraud_Rau-Robel,kids_pets,33.72,Edward,Sanchez,M,594 White Dale Suite 530,Malad City,ID,83252,42.1808,-112.262,4154,Nature conservation officer,19/01/1962,621c4a4d13ffa7431e4e5b2636b8ccc0,1374271065,42.472446,-111.652817
58,58,91689,22/07/2020 23:12,6592860000000000.0,fraud_Gleason-Macejkovic,shopping_net,6.27,Ashley,Whitehead,F,58188 Madison Meadow Apt. 949,Cowlesville,NY,14037,42.8112,-78.4481,1166,Colour technologist,12/06/1983,5e368a452de41ba9be50b09bc4b83988,1374534774,42.133831,-79.061167
59,59,292987,09/10/2020 16:13,4.58766e+18,"fraud_Lesch, D'Amore and Brown",food_dining,17.47,Amber,Lewis,F,6296 John Keys Suite 858,Pembroke Township,IL,60958,41.0646,-87.5917,2135,"Psychotherapist, child",08/05/2004,9a87a49cec102ef45500ce4583935d8b,1381335218,41.782809,-87.619105
60,60,230344,12/09/2020 08:21,2720830000000000.0,fraud_Kilback LLC,grocery_pos,197.55,Melissa,Aguilar,F,21326 Taylor Squares Suite 708,Clarksville,TN,37040,36.522,-87.349,151785,Pathologist,28/03/1974,4ed00275e45e2f2468360526486e4ec0,1378974085,36.214058,-87.65318
61,61,27795,30/06/2020 12:29,342351000000000.0,"fraud_Romaguera, Cruickshank and Greenholt",shopping_net,97.78,Rebecca,Obrien,F,5619 Mendoza Inlet,Juliette,GA,31046,33.1194,-83.8235,3343,Theatre manager,08/06/1990,ff45a285237276b8ccb7855db6a4a0f5,1372595371,33.08607,-83.204319
62,62,12808,25/06/2020 12:49,36913600000000.0,"fraud_Hermiston, Pacocha and Smith",health_fitness,37.74,Ana,Mccormick,F,4503 Patricia Route,Meridian,ID,83646,43.6498,-116.4306,84106,Intelligence analyst,11/02/1971,89c0b98265307eed21a2dd09bbc167ed,1372164581,43.051599,-116.106741
63,63,216777,06/09/2020 13:02,6011390000000000.0,"fraud_Nienow, Barrows and Romaguera",personal_care,154.83,Jacqueline,Marsh,F,950 Sheryl Spurs,Dunlevy,PA,15432,40.1151,-79.8627,427,Mining engineer,05/02/1951,3d5ef71828c49dfc5633de92fda2eb1a,1378472568,41.052069,-79.708893
64,64,189125,26/08/2020 05:36,4239550000000000.0,"fraud_Baumbach, Strosin and Nicolas",shopping_pos,173.27,Carl,Hernandez,M,9134 Darryl Flat Suite 916,Paulding,OH,45879,41.141,-84.5722,6284,Secondary school teacher,27/03/1936,443f379a1eb84e570212f0ff5feb8ebd,1377495377,41.149595,-84.499488
65,65,531463,27/12/2020 00:02,213158000000000.0,fraud_Miller-Hauck,grocery_pos,240.84,Tara,Campbell,F,05050 Rogers Well Apt. 439,Rock Springs,WY,82901,41.606,-109.23,27971,Music therapist,01/08/1984,aea3362776dccd68b8a287168cba851c,1388102521,42.386031,-108.476397
66,66,499122,19/12/2020 20:01,4561550000000.0,fraud_Eichmann-Russel,misc_pos,8.3,Daniel,Briggs,M,7118 Jessica Unions Apt. 789,Moriarty,NM,87035,34.9889,-106.0609,7268,"Therapist, art",04/08/1988,dfd94dc72d5b96cae2a809753d7336b2,1387483301,34.606104,-106.699564
67,67,475084,14/12/2020 07:45,2274910000000000.0,"fraud_Nitzsche, Kessler and Wolff",shopping_pos,5.9,Robert,Velazquez,M,3136 Silva Stream,Parker,CO,80138,39.5102,-104.7216,84861,Materials engineer,10/03/1932,faad895eb2bba4bb2aff0c4808a949b3,1387007124,40.427501,-105.405029
68,68,207351,01/09/2020 17:53,4998110000000000.0,fraud_Kilback and Sons,entertainment,77.71,Mary,Pruitt,F,2819 Luke Greens Suite 563,Kansas City,MO,64114,38.9621,-94.5959,545147,Counsellor,18/11/1987,de2bf1f7a8c8eae51f7891c33b02306c,1378058015,39.383618,-94.506475
69,69,228956,11/09/2020 15:02,5359540000000000.0,fraud_Conroy Ltd,shopping_pos,68.53,Michael,Francis,M,1833 Jeanette Stravenue,Belgrade,MT,59714,45.7801,-111.1439,18182,"Engineer, drilling",29/06/1975,c543a85e580d146b84a90f24bbb9dc34,1378911769,45.383119,-110.748103
70,70,161197,16/08/2020 23:58,6526450000000000.0,fraud_Gulgowski LLC,home,20.9,Nathan,Stewart,M,63502 Brown Road Apt. 318,West Long Branch,NJ,7764,40.2878,-74.0162,8097,Mechanical engineer,18/02/1964,8ea5ed65b34f6324547a15436000a57d,1376697486,39.816177,-73.659634
71,71,365149,09/11/2020 21:56,3500970000000000.0,"fraud_Bahringer, Osinski and Block",food_dining,9.0,Kenneth,Sanchez,M,0110 Ashley Forest,Tekoa,WA,99033,47.2271,-117.0819,895,Clothing/textile technologist,31/05/1999,e6a69ae268dbcdadae1931f6eaaf7380,1384034185,47.711211,-117.604789
72,72,511195,21/12/2020 22:28,4430880000000000.0,fraud_Howe PLC,entertainment,92.82,Alicia,Morales,F,4456 Dunn Roads,Meredith,CO,81642,39.3199,-106.6596,61,Public relations account executive,04/11/1939,e38ee262e699d26b6766a13bd6bfb800,1387664898,39.501798,-107.268611
73,73,21776,28/06/2020 22:30,30371000000000.0,fraud_White and Sons,home,38.17,Robert,James,M,92021 Miranda Meadows,Tamaroa,IL,62888,38.138,-89.2231,2135,"Development worker, community",31/01/1961,ab95517e69cc78bb70cec0b82384bba8,1372458623,37.22014,-89.808569
74,74,521012,24/12/2020 02:30,4247920000000.0,"fraud_Feil, Hilpert and Koss",food_dining,164.57,Judith,Moss,F,46297 Benjamin Plains Suite 703,Washington Court House,OH,43160,39.537,-83.455,22305,Television floor manager,09/03/1939,514a0d0d59090a8bf84908c94532071f,1387852210,40.027487,-82.882732
75,75,325773,24/10/2020 00:12,3581130000000000.0,fraud_Schuppe LLC,entertainment,2.56,Gregory,Wood,M,622 Robert Summit,Akron,OH,44307,41.0695,-81.5488,272134,Call centre manager,15/03/1964,2d5645bebc1a2bcd26204b1fed06dd56,1382573566,40.115838,-82.351826
76,76,87285,21/07/2020 09:28,3560700000000000.0,fraud_Barrows PLC,shopping_pos,7.24,Matthew,Young,M,8840 Miller Port Suite 645,Indian Wells,CA,92210,33.7163,-116.3381,4677,Learning mentor,06/05/1955,493316899b286ebb9f5136e55670c855,1374398911,33.3825,-115.342572
77,77,202653,31/08/2020 14:13,3585740000000000.0,fraud_Bode-Schuster,kids_pets,14.1,James,Greene,M,082 Hernandez Bypass Apt. 886,Quanah,TX,79252,34.2956,-99.7494,3202,"Librarian, public",18/03/1998,cb8a1b228d01489fc19d1551ff6da04d,1377958421,35.014268,-99.966226
78,78,457565,10/12/2020 03:32,4010000000000000.0,"fraud_Eichmann, Bogan and Rodriguez",gas_transport,90.22,Jennifer,Bishop,F,589 Matthew Brooks,Houston,TX,77026,29.7972,-95.3288,2906700,Animator,24/08/1983,1a58c1ce9b6894243f4cd60b2bd78592,1386646332,28.824758,-96.276805
79,79,248598,20/09/2020 08:39,4025610000000000.0,fraud_Botsford Ltd,shopping_pos,566.81,Krystal,Key,F,23142 Montoya Island Apt. 742,Corsica,PA,15829,41.1762,-79.1976,1274,Maintenance engineer,20/03/1949,3b90231ad970478f0e3b36f1edb851da,1379666373,40.998472,-79.348731
80,80,272521,29/09/2020 23:03,4450830000000000.0,fraud_Macejkovic-Lesch,shopping_pos,2.65,Donna,Davis,F,6760 Donovan Lakes,Clayton,OK,74536,34.5906,-95.38,1760,Occupational psychologist,20/01/1972,d260c268967be54da04421607806ef27,1380495785,34.60487,-96.067776
81,81,99810,26/07/2020 11:53,4005680000000000.0,"fraud_Stroman, Hudson and Erdman",gas_transport,93.18,William,Perry,M,458 Phillips Island Apt. 768,Denham Springs,LA,70726,30.459,-90.9027,71335,Herbalist,31/05/1994,68c800879acc1556419786e8b58efbbe,1374839622,30.378403,-91.068083
82,82,80666,19/07/2020 16:23,30364100000000.0,"fraud_Towne, Greenholt and Koepp",shopping_net,8.56,Samuel,Sandoval,M,0005 Morrison Land,Mounds,OK,74047,35.8896,-96.0887,7163,Fitness centre manager,05/02/1982,97082f62a18fd51165035ddf083eb9e6,1374251033,36.168721,-96.188621
83,83,304443,13/10/2020 22:50,38057500000000.0,"fraud_Quitzon, Green and Bashirian",shopping_pos,6.85,Marissa,Clark,F,2677 Byrd Village Suite 035,San Jose,CA,95148,37.3304,-121.7913,973849,Geoscientist,18/01/1997,cd5082ab33c49d0d173411b683e21c5d,1381704607,37.33368,-122.424572
84,84,144584,10/08/2020 18:56,2283740000000000.0,fraud_Lynch-Wisozk,home,50.75,Shannon,Williams,F,9345 Spencer Junctions Suite 183,Alpharetta,GA,30009,34.077,-84.3033,165556,Prison officer,27/12/1997,3d8704333b01b8818f7e0d3d61b835e4,1376161013,34.841303,-85.159797
85,85,53299,09/07/2020 17:04,2222000000000000.0,fraud_Roob-Okuneva,health_fitness,21.02,Susan,Hernandez,F,2193 Osborne Run Apt. 789,Moro,IL,62067,38.9318,-89.9618,2401,"Buyer, industrial",03/01/1972,bea67e2589f8c298ba8026354aac4a25,1373389453,39.2097,-89.306455
86,86,441929,07/12/2020 01:53,676102000000.0,fraud_Flatley Group,misc_pos,145.35,Natasha,Mclaughlin,F,8699 Lindsay Ford Apt. 486,Napa,CA,94558,38.4549,-122.2564,94014,Airline pilot,21/08/1985,ef835defa0377ef8a021714eb046ec30,1386381205,38.109217,-123.027409
87,87,249268,20/09/2020 14:37,4859530000000000.0,fraud_Auer LLC,personal_care,47.44,Rebecca,Farley,F,383 Long Islands,Downsville,NY,13755,42.0716,-75.0152,1228,"Psychotherapist, child",25/02/1990,05667a33aaa097e9e76fa654eacd6e4f,1379687843,42.518387,-74.584641
88,88,382892,17/11/2020 13:21,375248000000000.0,fraud_Bode-Schuster,kids_pets,8.7,Joshua,Mendoza,M,4215 Miranda Field Suite 326,Tallmansville,WV,26237,38.8564,-80.158,571,Accounting technician,16/09/1967,02b10c37c041b6704de4ade5325596b0,1384694463,39.813915,-79.388577
89,89,25730,29/06/2020 21:55,3541160000000000.0,fraud_Labadie LLC,personal_care,7.78,Jason,Singh,M,4720 Anna Ways,Murrayville,IL,62668,39.5723,-90.2379,1512,Commercial/residential surveyor,07/05/2003,80a849308ccd182c2dd1f960688bdfa8,1372542900,39.529505,-90.424854
90,90,430434,04/12/2020 13:47,5104810000000000.0,fraud_Barrows PLC,shopping_pos,1.91,Regina,Johnston,F,641 Steven Mall Apt. 299,Westhampton Beach,NY,11978,40.8295,-72.6473,3255,Financial trader,08/07/1978,2ef349e0135c56e9bbab8db12a443674,1386164871,41.043974,-73.253675
91,91,216876,06/09/2020 13:45,4509920000000000.0,fraud_Pollich LLC,home,117.08,Monica,West,F,22084 Smith Roads Suite 776,Hurley,SD,57036,43.2893,-97.1904,811,Neurosurgeon,28/03/1972,a390b8502fe39de3355c41bf8391ba34,1378475146,43.610095,-96.46961
92,92,253476,21/09/2020 22:43,3577790000000000.0,fraud_Volkman-Predovic,shopping_net,3.64,Mary,Humphrey,F,9853 Flynn Hollow Apt. 602,Reynolds,ND,58275,47.7068,-97.2092,733,Visual merchandiser,12/11/1994,9750ce0d0992e98eb51510e3374d785f,1379803381,47.048218,-96.483612
93,93,542050,28/12/2020 20:36,3518230000000000.0,fraud_Schulist Ltd,food_dining,24.46,Barbara,Lowe,F,67210 Lori Creek,Sherman,TX,75092,33.6372,-96.6184,46563,Systems developer,11/09/1970,59accb55d8941f55a8a23e2498792562,1388262975,32.718936,-95.666602
94,94,339205,29/10/2020 16:48,4.71574e+18,fraud_Rau-Grant,kids_pets,53.88,Robert,Drake,M,463 Willie Estates,Burbank,OK,74633,36.6966,-96.7869,471,Sub,30/03/1941,eb9e2ffca1331fdc0edb37f14cbf5e4f,1383065298,37.253283,-96.347421
95,95,301335,12/10/2020 22:22,3560320000000000.0,"fraud_Armstrong, Walter and Gottlieb",food_dining,8.49,William,Skinner,M,524 Wu Spurs Suite 894,Mount Hope,AL,35651,34.4793,-87.4769,1312,"Librarian, academic",01/02/1955,00f52d45c0106928a2e72716205ce7d5,1381616530,33.692623,-88.224359
96,96,463998,11/12/2020 21:50,377027000000000.0,fraud_Osinski Inc,personal_care,12.57,Jackie,Davis,F,1898 Parker Fork Apt. 057,Redford,MO,63665,37.3272,-91.0243,241,Investment analyst,27/10/1974,aea933b56118b6d3d8fe6549c05b80cc,1386798610,36.411099,-90.073175
97,97,553835,31/12/2020 13:08,30011500000000.0,fraud_Stamm-Witting,shopping_net,2.46,Lisa,Garcia,F,213 Gill Expressway,Chatham,NY,12037,42.3496,-73.5873,4015,Human resources officer,14/10/1971,b3581ca5310e1bacabbb27b2238c43f4,1388495288,42.258149,-74.386919
98,98,147868,11/08/2020 15:23,180095000000000.0,fraud_Rippin-VonRueden,health_fitness,28.13,Tammie,Harper,F,57887 Gutierrez Harbor,Westfir,OR,97492,43.7575,-122.481,597,Forensic psychologist,19/05/1961,d6cdc7793a680631e59e17020d958aae,1376234619,44.078234,-121.485543
99,99,547049,29/12/2020 16:42,3511380000000000.0,fraud_Bruen-Yost,misc_pos,3.77,James,Cooper,M,663 Ramirez Trace Apt. 951,Huntsville,AL,35811,34.7789,-86.5438,190178,Television production assistant,01/04/1973,bcd5c9a16814f5170ddf285f4e1ac448,1388335376,34.591124,-87.177742
100,100,334988,27/10/2020 13:24,4613310000000.0,fraud_Dare-Gibson,health_fitness,74.61,Jason,Murphy,M,542 Steve Curve Suite 011,Collettsville,NC,28611,35.9946,-81.7266,885,Soil scientist,15/09/1988,b0533bfee89e5c9ae83b47bbc9624d49,1382880286,36.832179,-81.30408
101,101,411039,30/11/2020 06:52,6534630000000000.0,fraud_Bernhard Inc,gas_transport,61.89,Christine,Harris,F,29606 Martinez Views Suite 653,Hinesburg,VT,5461,44.3346,-73.098,4542,Claims inspector/assessor,19/03/1998,faff331d7da42f0d28f9c32ecf3d9926,1385794327,44.333925,-72.959928
102,102,536702,27/12/2020 23:43,3559160000000000.0,"fraud_Denesik, Powlowski and Pouros",home,83.9,Allen,Bell,M,70147 Amanda Fields,Saint Bonaventure,NY,14778,42.2701,-78.6847,1453,Toxicologist,15/02/1974,34fedb2ef42e8833199fe7038af7babf,1388187801,42.346703,-78.476473
103,103,146645,11/08/2020 07:31,3551510000000000.0,fraud_DuBuque LLC,grocery_pos,130.2,Erika,Anderson,F,3786 Hale Corners,Rochester,KY,42273,37.2048,-86.8592,443,"Development worker, international aid",15/07/1947,f672d7443141048c23d711137a261b1e,1376206307,37.54523,-86.828506
104,104,145984,11/08/2020 02:25,4839620000000000.0,"fraud_Lockman, West and Runte",grocery_pos,163.6,Phillip,Robertson,M,85344 Smith Gateway Apt. 280,Harrodsburg,IN,47434,39.013,-86.5457,76,Social researcher,06/05/1955,1c0c9888a5efae5000d20f1d0ab2a1fe,1376187941,38.362015,-86.823715
105,105,490066,17/12/2020 10:14,4.89707e+18,fraud_Koepp-Parker,grocery_pos,41.99,Randy,Wood,M,542 Howe Mission Apt. 092,Port Richey,FL,34668,28.3011,-82.6927,42619,Environmental education officer,07/10/1975,760cd1f1beb1962023a767ef443e4573,1387275281,27.597997,-82.73316
106,106,129852,05/08/2020 04:55,639030000000.0,"fraud_Quitzon, Green and Bashirian",shopping_pos,137.09,Stephen,Lopez,M,696 Matthew Ford Suite 157,Olmsted,IL,62970,37.1935,-89.0933,639,Mechanical engineer,01/08/1982,c5c911cbb106367757dcd2e07944011d,1375678551,36.903043,-89.801106
107,107,163740,17/08/2020 17:05,3543590000000000.0,fraud_Cruickshank-Mills,entertainment,92.41,Margaret,Lam,F,6911 Nicholas Keys Apt. 237,Armagh,PA,15920,40.4603,-79.0097,922,Early years teacher,04/10/1972,e47b802fd6f5de14a95e9c96bf444f98,1376759111,40.311198,-79.624384
108,108,553921,31/12/2020 13:37,6011680000000000.0,fraud_Fisher-Schowalter,shopping_net,3.48,Jennifer,Gonzalez,F,5517 Stacy Land,Jelm,WY,82063,41.0539,-106.0763,100,Public librarian,16/04/1974,7007dba9340f257c065ff49c11b739ba,1388497057,41.268794,-106.141607
109,109,253770,22/09/2020 00:50,4277230000000000.0,fraud_Schmitt Ltd,misc_net,33.06,Jennifer,Vance,F,13299 Patrick Terrace,Rhame,ND,58651,46.1664,-103.7079,475,Illustrator,10/11/1955,e8d3cc4d5eaee9f41a188ea3b52b642c,1379811042,45.409821,-103.810076
110,110,179718,23/08/2020 16:30,6011540000000000.0,"fraud_Champlin, Rolfson and Connelly",travel,3.39,Emily,Hall,F,8851 Reese Neck,Basye,VA,22810,38.8089,-78.7776,863,"Engineer, mining",09/08/1972,53ee667e48a9034726bc319dabda400d,1377275457,39.620871,-78.160366
111,111,435853,05/12/2020 22:36,4003770000000000.0,fraud_Kutch-Ferry,home,14.3,Danielle,Hayden,F,03368 Michelle Trail,Gregory,AR,72059,35.1791,-91.2594,37,"Lecturer, further education",01/01/1958,369876a90a2c8d1c7ac005cba503656c,1386282976,35.621874,-90.928485
112,112,85254,20/07/2020 20:06,4179720000000000.0,fraud_Kling-Ernser,entertainment,4.74,Belinda,Jimenez,F,6807 Jacob Skyway Apt. 331,Rockwell,IA,50469,43.0032,-93.2167,1574,"Scientist, audiological",27/12/1982,3e24ecece01ecb0b934afb49b6ba49c2,1374350804,43.090117,-92.666308
113,113,490272,17/12/2020 12:02,3590740000000000.0,fraud_Kozey-Kuhlman,personal_care,13.5,Kimberly,Gonzalez,F,72966 Shannon Pass Apt. 391,Bauxite,AR,72011,34.5091,-92.4828,4074,"Scientist, audiological",20/12/1975,a352203ca34edbcba2c7ea1494a70c44,1387281732,34.591697,-91.522048
114,114,5726,22/06/2020 22:11,374125000000000.0,fraud_O'Connell-Ullrich,home,60.06,Christopher,Gilbert,M,20937 Reed Lakes Apt. 271,Washington,DC,20012,38.9757,-77.0282,601723,"Optician, dispensing",20/07/1970,3f7e8bd1c8da6b922f45c40da00ea855,1371939114,38.288655,-77.646111
115,115,237772,15/09/2020 00:14,180085000000000.0,"fraud_Heller, Gutmann and Zieme",grocery_pos,144.87,David,Kirby,M,133 Alyssa Plains,Lolita,TX,77971,28.7724,-96.4793,911,Archaeologist,18/01/1970,96a6d4a74b1da8cf4883df11d44b35cf,1379204059,27.81167,-96.210449
116,116,386416,19/11/2020 07:46,3597930000000000.0,fraud_Hintz-Bruen,grocery_net,43.1,Derrick,Flores,M,83690 Nicholas Ports Apt. 846,Oakland,TN,38060,35.2229,-89.5518,9496,Furniture conservator/restorer,23/03/1993,3935fc9a6d7af0f43a81cbc58f286c11,1384847186,35.68382,-89.968123
117,117,553755,31/12/2020 12:42,6538440000000000.0,"fraud_Kerluke, Kertzmann and Wiza",misc_net,148.59,Gina,Grimes,F,444 Robert Mews,Clarks Mills,PA,16114,41.3851,-80.1752,606,Energy manager,22/09/1997,cba16616fc074cc17ed5943a4f569f2e,1388493768,41.466146,-80.198471
118,118,307541,15/10/2020 20:13,4561890000000.0,fraud_Kulas Group,health_fitness,37.16,Jacqueline,Allen,F,166 Lisa Fords,Greenwood,IN,46143,39.596,-86.1309,78968,Financial adviser,10/02/1968,8cae7c98942597a59ec529da0662da5a,1381868032,40.098729,-86.886194
119,119,1882,21/06/2020 23:13,344710000000000.0,fraud_Torphy-Goyette,shopping_pos,5.22,Joanna,Hudson,F,2924 Bobby Trafficway,Sebring,FL,33872,27.4703,-81.4872,50835,Environmental consultant,30/01/1986,9bc096fc74a23b5323b47b68db28e444,1371856391,26.739775,-81.270224
120,120,189393,26/08/2020 09:51,4393520000000.0,"fraud_Rodriguez, Yost and Jenkins",misc_net,106.32,Charles,Rodriguez,M,240 Tracy Forges,Easton,KS,66020,39.3391,-95.0999,1442,Air broker,20/05/1982,e73f2a9c1d1b13511f3b44cbbef0192e,1377510693,39.439564,-94.211465
121,121,504084,20/12/2020 19:50,581293000000.0,fraud_Kuphal-Toy,food_dining,69.35,William,Thomas,M,39227 Mcpherson Shoals,Lahoma,OK,73754,36.385,-98.0727,1078,Podiatrist,06/10/1989,a0b4fd8d5fe865fa237631b4cf7f86e0,1387569001,36.001615,-99.002544
122,122,340305,30/10/2020 08:23,30044300000000.0,fraud_Kiehn Inc,grocery_pos,210.3,Allison,Ayala,F,87665 Karen Mill Apt. 586,Fort Myers,FL,33967,26.4722,-81.8122,224256,Paramedic,29/08/1985,12fd0f34d06a8761e460c4f4c18d9fa4,1383121419,25.545614,-82.471062
123,123,358931,07/11/2020 18:52,4464460000000.0,fraud_Jewess LLC,shopping_pos,9.33,Breanna,Rodriguez,F,118 Cabrera Springs Apt. 105,Lanark Village,FL,32323,29.8826,-84.5964,217,Television production assistant,24/01/1990,cad671a4e317949f6fbc573439826236,1383850323,30.283196,-85.378638
124,124,149561,12/08/2020 00:55,2242540000000000.0,"fraud_Schaefer, Maggio and Daugherty",gas_transport,46.63,Samuel,Jenkins,M,43235 Mckenzie Views Apt. 837,Westport,KY,40077,38.4921,-85.4524,564,Pensions consultant,10/04/1996,598c1e5a8ebab4fcc8be1bb91157a2ca,1376268925,38.718722,-84.472412
125,125,134988,07/08/2020 17:10,3586010000000000.0,fraud_Pacocha-Bauch,shopping_pos,5.17,Crystal,Fuller,F,000 Jennifer Mills,Issaquah,WA,98027,47.4974,-122.0107,50489,Osteopath,29/02/1984,666ee0d5812fcee31c55de8512ed0427,1375895428,46.651641,-121.10006
126,126,22862,29/06/2020 05:47,375975000000000.0,fraud_Conroy-Cruickshank,gas_transport,69.66,Roberta,Mccarthy,F,94431 Matthew Mall Suite 296,Plymouth,CT,6782,41.6611,-73.0449,2376,Herpetologist,06/04/1973,f21297685b130f78c690968364b84c76,1372484820,41.587491,-72.129089
127,127,479464,14/12/2020 22:52,3590740000000000.0,fraud_Hoppe-Parisian,kids_pets,29.01,Kimberly,Gonzalez,F,72966 Shannon Pass Apt. 391,Bauxite,AR,72011,34.5091,-92.4828,4074,"Scientist, audiological",20/12/1975,8a5ef21d3fe346380457134c34cbf076,1387061569,33.81263,-93.307268
128,128,225997,09/09/2020 23:11,4.31213e+18,fraud_Sawayn PLC,shopping_pos,7.29,Julian,Price,M,086 Pierce Cove,Pikesville,MD,21208,39.3764,-76.729,33917,Company secretary,12/06/1977,54d118f9099eb90db430ea98f93efdf7,1378768298,39.525129,-77.031994
129,129,223373,08/09/2020 15:52,4939980000000000.0,fraud_Gibson-Deckow,entertainment,129.03,Michelle,Johnston,F,3531 Hamilton Highway,Roma,TX,78584,26.4215,-99.0025,18128,IT trainer,07/11/1990,d36d683305560705b8ca3dd03e7a77c4,1378655563,26.173903,-99.577385
130,130,215799,06/09/2020 02:15,370349000000000.0,fraud_Stracke-Lemke,grocery_pos,75.92,Christopher,Gomez,M,950 Dunn Squares,Tickfaw,LA,70466,30.5668,-90.482,8512,"Accountant, chartered public finance",03/09/1951,ed6013f7a30bb64a5aa1df8d6b190c16,1378433742,30.761487,-91.020987
131,131,268069,28/09/2020 14:08,371009000000000.0,"fraud_Hermiston, Russel and Price",food_dining,2.87,Randall,Burgess,M,393 Carroll Route Suite 197,Norman Park,GA,31771,31.2462,-83.6549,5666,Rural practice surveyor,14/09/2003,70a9041140e5f250c1ce257fe963ea7d,1380377327,30.634011,-83.996517
132,132,405004,27/11/2020 22:26,3513510000000000.0,fraud_Schaefer Ltd,kids_pets,17.93,Sarah,Adams,F,5654 Peterson Land,Ridgeland,MS,39157,32.4122,-90.1207,24645,"Scientist, clinical (histocompatibility and immunogenetics)",29/05/1966,fe8d984410b624493ae12d616bde62e3,1385591204,33.377561,-89.302362
133,133,483192,15/12/2020 15:14,630423000000.0,fraud_Bashirian Group,shopping_net,2.83,Stephanie,Gill,F,43039 Riley Greens Suite 393,Orient,WA,99160,48.8878,-118.2105,149,Special educational needs teacher,21/06/1978,08672017e60d51a85cbe650210cdeba5,1387120477,47.905909,-117.398247
134,134,273460,30/09/2020 14:15,4260000000000.0,"fraud_Cormier, Stracke and Thiel",entertainment,5.46,Julie,Johnson,F,9331 Robert Passage Suite 327,Hudson,KS,67545,38.1485,-98.6408,215,Probation officer,22/11/1968,5fd581f77dbdbffa7709cea328fcaa31,1380550501,37.970077,-98.137422
135,135,483047,15/12/2020 14:47,30029100000000.0,fraud_Kertzmann LLC,health_fitness,116.17,Curtis,Young,M,4319 Watson Shoals Suite 658,Falconer,NY,14733,42.1239,-79.1895,3833,Metallurgist,09/10/1970,ade7ed015030a15b4bf265699408ad55,1387118858,41.17777,-79.247756
136,136,109470,28/07/2020 22:32,3520550000000000.0,fraud_Kris-Weimann,misc_net,157.47,Micheal,Walters,M,15315 Vaughn Park Suite 356,Hovland,MN,55606,47.8342,-90.0476,272,Freight forwarder,05/07/2001,b7af74d38f28d3aa30e59d635fc4cff7,1375050753,47.233395,-90.649379
137,137,151845,13/08/2020 07:07,2720430000000000.0,fraud_Cummings Group,grocery_net,102.89,Mark,Wood,M,854 Walker Dale Suite 488,Bowdoin,ME,4287,44.0575,-69.9656,3224,"Engineer, electronics",22/08/1997,bf610129e7ec893a89d74fd639776ffe,1376377675,43.298443,-69.47925
138,138,108490,28/07/2020 17:26,6011680000000000.0,fraud_Beer-Jast,kids_pets,110.22,Kaitlyn,Newman,F,098 Stewart Hill,Slayden,TN,37165,36.2835,-87.4581,70,Prison officer,22/06/1956,afc1cbd8761c6beec4b4e86336667e52,1375032399,37.044173,-86.695104
139,139,412656,30/11/2020 13:31,3541160000000000.0,fraud_Friesen Inc,shopping_pos,147.94,Jason,Singh,M,4720 Anna Ways,Murrayville,IL,62668,39.5723,-90.2379,1512,Commercial/residential surveyor,07/05/2003,9b584561d9613ea80cc266df55a47dc1,1385818285,40.264481,-90.36584
140,140,247449,19/09/2020 20:11,3583790000000000.0,"fraud_Durgan, Gislason and Spencer",home,12.33,Beth,Lambert,F,6447 Johnson Estates Apt. 986,Roosevelt,OK,73564,34.847,-98.9836,551,Amenity horticulturist,27/09/1970,e9b6c6a86ebb3bd3ce9cb12f1e472e87,1379621516,34.210533,-99.031008
141,141,22679,29/06/2020 04:22,4969860000000000.0,fraud_Spencer-Runolfsson,misc_pos,569.51,Jacqueline,Prince,F,27823 Andrew Underpass Suite 948,Metairie,LA,70003,29.9975,-90.2146,137067,Advertising account planner,04/12/1951,457dd9e837368b65662503471cb57544,1372479724,29.511404,-91.112703
142,142,338250,29/10/2020 01:46,30428200000000.0,fraud_Rau and Sons,grocery_pos,69.85,Greg,Villarreal,M,2851 Foster Shoals,Schaefferstown,PA,17088,40.3087,-76.2963,823,Gaffer,02/07/1982,5b57590b4afc8ab2fe1ebfc8964c4408,1383011180,40.382346,-76.935325
143,143,265710,27/09/2020 18:50,180048000000000.0,fraud_Homenick LLC,personal_care,124.55,Mary,Wall,F,2481 Mills Lock,Plainfield,NJ,7060,40.6152,-74.415,71485,Leisure centre manager,19/07/1974,4e62690c9930edc3798e671d1f3b7b2f,1380307818,40.339605,-73.682624
144,144,161038,16/08/2020 23:02,3523840000000000.0,fraud_Osinski Inc,personal_care,18.53,Grace,Williams,F,28812 Charles Mill Apt. 628,Plantersville,AL,36758,32.6176,-86.9475,1412,Drilling engineer,20/11/1970,ad84c97c689e118b679e7dee8ae01db4,1376694149,33.230099,-86.195322
145,145,95653,24/07/2020 18:53,3535810000000000.0,"fraud_Bahringer, Osinski and Block",food_dining,68.83,Matthew,Myers,M,4936 Michelle Points,Tower Hill,IL,62571,39.39,-88.9597,1532,Radio broadcast assistant,09/01/1980,d48b7977fef38b9ab0c9aa4509009e9d,1374691980,39.137555,-88.707883
146,146,545768,29/12/2020 12:38,38530500000000.0,fraud_McDermott-Rice,misc_pos,4.91,Laura,Johns,F,95835 Garcia Rue,Arcadia,SC,29320,34.9572,-81.9916,530,Animal technologist,14/05/1989,404ab948791d5ace8f2e5229ef819ba7,1388320727,34.524566,-81.453444
147,147,442536,07/12/2020 04:54,3512370000000000.0,fraud_Pacocha-O'Reilly,grocery_pos,83.52,Francisco,Kemp,M,9554 Flores Drive,Arnold,MO,63010,38.4305,-90.387,35439,Land/geomatics surveyor,31/03/1985,ec67a692d54cc1171be108f6ee582a92,1386392063,38.728111,-90.184992
148,148,424731,02/12/2020 19:46,4873780000000000.0,fraud_Ernser-Feest,home,112.33,Elizabeth,Maxwell,F,194 Goodman Fall Apt. 569,Burlington,WA,98233,48.4786,-122.3345,14871,Public house manager,10/03/1974,9a616ccf7942f8df9e7c04329a0ff27c,1386013588,49.047143,-122.93237
149,149,487630,16/12/2020 15:37,3573030000000000.0,fraud_Deckow-Dare,food_dining,9.37,Joanne,Williams,F,3638 Marsh Union,Altonah,UT,84002,40.3207,-110.436,302,"Sales professional, IT",17/01/1990,dbe75b0e5c4c20b2a6d9a4be3bbed9b2,1387208277,39.713466,-110.067332
150,150,51773,08/07/2020 23:04,213179000000000.0,fraud_Parker-Kunde,personal_care,36.29,Alan,Colon,M,748 Bryan Fields Suite 935,Riverton,WY,82501,43.0351,-108.2024,19408,"Lecturer, higher education",11/09/1993,02d2aee64e9a940b4bb9de42b4d73ba2,1373324679,43.526459,-108.638449
151,151,199840,30/08/2020 19:39,6011920000000000.0,"fraud_Romaguera, Wehner and Tromp",kids_pets,5.43,William,Johnson,M,50843 Vincent Mission,South Londonderry,VT,5155,43.1699,-72.8515,828,Scientific laboratory technician,30/08/1957,389a0b0864ce743665191941fad62c44,1377891580,43.090441,-73.8306
152,152,52745,09/07/2020 12:03,4302480000000000.0,fraud_Reichel LLC,personal_care,34.95,David,Rodriguez,M,821 Solis Points,Muskegon,MI,49440,43.2326,-86.2492,128715,Historic buildings inspector/conservation officer,25/05/1995,7306e674771e755a90acc1e9378df935,1373371404,42.686422,-85.7385
153,153,365765,10/11/2020 02:39,4658120000000.0,"fraud_Eichmann, Bogan and Rodriguez",gas_transport,82.77,Dwayne,Martinez,M,490 Baldwin Alley Apt. 468,Crownpoint,NM,87313,35.7206,-108.0271,5662,IT consultant,08/04/1989,68426ba2039118b5ac7329cced8e97c6,1384051183,36.214116,-107.859849
154,154,323046,22/10/2020 14:46,6011930000000000.0,fraud_Goyette-Herzog,travel,492.11,Joshua,Cohen,M,426 Mark Ports,Brooklin,ME,4616,44.2541,-68.5565,824,"Loss adjuster, chartered",02/11/1974,86ce8edd0998519f1b7c03575407e359,1382453178,44.405766,-68.368402
155,155,438499,06/12/2020 12:57,3501940000000000.0,"fraud_Towne, Greenholt and Koepp",shopping_net,1.41,Lori,Bishop,F,08056 Alvarado Club Suite 699,Phoenix,AZ,85086,33.8155,-112.1202,1312922,Counselling psychologist,30/11/1999,389056c8b015b7b5b24b22977f044dba,1386334652,34.796936,-112.703972
156,156,114842,31/07/2020 14:39,3567700000000000.0,"fraud_Johnson, Runolfsdottir and Mayer",misc_net,34.16,John,Stevens,M,428 Morgan River,Hudson,NY,12534,42.247,-73.7552,17867,Travel agency manager,29/07/1998,e5fabe38c60a47f6f7f09aeb3085c4d7,1375281578,42.717826,-73.744008
157,157,189927,26/08/2020 16:02,30199600000000.0,fraud_Reichel Inc,entertainment,123.27,Theresa,Powell,F,117 Natasha Vista Suite 936,Leonard,TX,75452,33.4044,-96.2238,4090,Sub,23/03/1977,c6d3ac466d5ea1a0ca3805f515116129,1377532973,34.236825,-97.166382
158,158,169460,19/08/2020 07:54,4788100000000.0,"fraud_Quitzon, Green and Bashirian",shopping_pos,82.41,Kristin,Williams,F,36366 Smith Road,Miamisburg,OH,45342,39.6321,-84.2675,36784,"Investment banker, corporate",31/07/1941,9f62974f858872e082e29996894f6e40,1376898872,39.121659,-84.445004
159,159,454282,09/12/2020 01:02,371985000000000.0,fraud_Kuhic Inc,grocery_pos,158.98,Benjamin,Martin,M,0495 Baker Manors,Oriskany Falls,NY,13425,42.9576,-75.4838,1970,"Programmer, multimedia",09/06/1949,6ab4a3dfa6057e6dbc35e71efefd0cf3,1386550953,43.16615,-74.870371
160,160,58306,11/07/2020 19:48,4509920000000000.0,fraud_Schuppe-Schuppe,food_dining,3.57,Monica,West,F,22084 Smith Roads Suite 776,Hurley,SD,57036,43.2893,-97.1904,811,Neurosurgeon,28/03/1972,0afb70e222827467451a35f6f0b81d20,1373572102,43.495938,-96.349067
161,161,473682,14/12/2020 01:13,345934000000000.0,"fraud_Kutch, Hermiston and Farrell",gas_transport,64.36,Carol,Dillon,F,27479 Reeves Dale,Whaleyville,MD,21872,38.4121,-75.2811,718,Regulatory affairs officer,19/03/1985,92524dd3275cb7dc2fc33d9cfd666f44,1386983590,39.385579,-75.361201
162,162,228345,11/09/2020 07:35,4149640000000.0,fraud_Rutherford-Mertz,grocery_pos,76.87,Samuel,Farrell,M,428 Michael Tunnel Apt. 377,Cleveland,AL,35049,33.9778,-86.5598,3996,Aid worker,14/06/1977,4648dbfd39e2ff38c4d1d4a95655e108,1378884911,34.726989,-85.759339
163,163,104702,27/07/2020 18:21,213161000000000.0,"fraud_Swaniawski, Nitzsche and Welch",health_fitness,86.14,Alyssa,Morgan,F,622 Robin Run Suite 764,Gadsden,AL,35901,34.048,-85.9246,67082,Physiological scientist,09/02/1963,a852c78a2b9ed868418669a10dec21b9,1374949312,33.234528,-85.610587
164,164,544768,29/12/2020 07:59,60423098130.0,fraud_Bernhard Inc,gas_transport,59.72,Jason,Gray,M,875 Amy Point,Amorita,OK,73719,36.9412,-98.2458,83,Barrister's clerk,28/07/1958,4b8c06023b92950b4fefbb73f3c0956f,1388303973,36.768543,-97.798659
165,165,69603,14/07/2020 21:48,344710000000000.0,fraud_Bins-Tillman,entertainment,84.51,Joanna,Hudson,F,2924 Bobby Trafficway,Sebring,FL,33872,27.4703,-81.4872,50835,Environmental consultant,30/01/1986,0ce85caedfedeeb8aa010a0c1a2752f3,1373838532,27.171928,-81.214749
166,166,551694,30/12/2020 19:54,4900630000000.0,fraud_Buckridge PLC,misc_pos,85.29,Michael,Johnson,M,094 Owens Underpass,Norwalk,CA,90650,33.9056,-118.0818,105549,Firefighter,22/09/1973,dc93ae1d9a93805a71c5271ee17de611,1388433246,33.389971,-117.293584
167,167,3510,22/06/2020 11:25,213142000000000.0,fraud_Erdman-Kertzmann,gas_transport,63.75,Margaret,Curtis,F,742 Oneill Shore,Florence,MS,39073,32.153,-90.1217,19685,Fine artist,24/12/1984,63f1d3bd697c32f884d9f0d4623458cb,1371900319,31.435622,-89.759894
168,168,378128,15/11/2020 23:20,6534630000000000.0,fraud_Volkman Ltd,misc_net,7.49,Christine,Harris,F,29606 Martinez Views Suite 653,Hinesburg,VT,5461,44.3346,-73.098,4542,Claims inspector/assessor,19/03/1998,b9e1114ba4ccfad2e33950c7f9c4b7a4,1384557609,44.8535,-72.641464
169,169,116568,01/08/2020 09:18,4.31137e+18,"fraud_Bins, Balistreri and Beatty",shopping_pos,1.83,Phillip,Delacruz,M,26678 Lisa Locks Apt. 904,Iliff,CO,80736,40.7692,-103.0968,648,Community arts worker,21/09/1969,f589a3b9237623c6905931ebafafabc3,1375348713,40.134207,-102.232322
170,170,307313,15/10/2020 17:42,4198470000000.0,"fraud_Langosh, Wintheiser and Hyatt",food_dining,198.96,Christie,Williamson,F,519 Jerry Views,Avoca,IA,51521,41.4768,-95.3509,2036,Engineering geologist,20/08/1971,d83df78def001dcd8c5b352ee4ae6cb6,1381858953,42.151016,-95.701399
171,171,401448,25/11/2020 21:21,180046000000000.0,"fraud_Romaguera, Cruickshank and Greenholt",shopping_net,983.38,Erica,Walker,F,084 Holmes Avenue Suite 206,Stayton,OR,97383,44.8021,-122.7624,9587,"Engineer, biomedical",24/03/1968,539e8bca3e46005290122ad5a6db335d,1385414493,45.402624,-122.059475
172,172,404687,27/11/2020 18:55,2235610000000000.0,fraud_Kilback LLC,food_dining,2.05,Melissa,Mcclure,F,2027 Snyder Track,Manville,WY,82227,42.73,-104.7024,241,Educational psychologist,16/12/1980,63d1df55d811558a5bfb8a70b954a60a,1385578528,43.552698,-104.498022
173,173,235884,14/09/2020 12:51,180049000000000.0,fraud_Skiles LLC,home,70.8,Michael,Flores,M,70761 Fitzpatrick Brooks Suite 631,Saxon,WI,54559,46.4959,-90.4383,795,Television/film/video producer,15/04/1986,38f514b9f2394e44ed91afdbcab891ca,1379163114,45.793252,-90.362488
174,174,67582,14/07/2020 11:19,501831000000.0,fraud_Murray-Smitham,grocery_pos,99.99,Corey,Jones,M,709 George Underpass Apt. 080,West Decatur,PA,16878,40.9493,-78.3129,1762,Armed forces logistics/support/administrative officer,04/05/1962,701c7486c7bc4c6a11cee3cafb09f1e7,1373800790,41.06373,-78.544399
175,175,482989,15/12/2020 14:36,4981130000000.0,"fraud_McCullough, Hudson and Schuster",food_dining,3.41,Joseph,Spencer,M,7854 Stephanie Island Suite 788,Holloway,OH,43985,40.0113,-80.9701,128,Child psychotherapist,03/04/1946,c27b5a2428ad59b710a92b3de58f69da,1387118179,40.492078,-81.023922
176,176,313058,18/10/2020 14:28,372520000000000.0,fraud_Cole PLC,grocery_pos,78.28,Lori,Ramirez,F,4293 Ramirez Squares,Ranier,MN,56668,48.6031,-93.2977,136,Ceramics designer,20/02/2000,90370c74142dbdd11ab6d7a7dddbbc18,1382106538,49.484629,-92.843575
177,177,435357,05/12/2020 20:13,38797400000000.0,"fraud_Cormier, Stracke and Thiel",entertainment,70.45,Andrew,Tucker,M,583 Gray Creek,Oak Hill,NY,12460,42.4069,-74.1528,277,Glass blower/designer,12/12/1971,eeda41b87f0dd9b3d36d043e00ac56be,1386274392,42.713704,-74.257078
178,178,115953,01/08/2020 00:49,3523840000000000.0,"fraud_Eichmann, Bogan and Rodriguez",gas_transport,102.63,Grace,Williams,F,28812 Charles Mill Apt. 628,Plantersville,AL,36758,32.6176,-86.9475,1412,Drilling engineer,20/11/1970,f6d6f5919adf1a667d55dae1a2cadc46,1375318141,32.625895,-86.148589
179,179,41905,05/07/2020 23:19,4377340000000000.0,fraud_Waters-Cruickshank,health_fitness,40.55,Nicholas,Mcmahon,M,2123 Jonathan Falls Suite 753,Heiskell,TN,37754,36.115,-84.0438,4729,"Geologist, wellsite",19/04/1982,f7ce387dd918cd72e7da847ccf01c684,1373066397,35.476743,-83.860679
180,180,386817,19/11/2020 13:38,6011500000000000.0,fraud_Dooley Inc,shopping_pos,130.52,Ashley,Whitney,F,4038 Smith Avenue,Jones,AL,36749,32.5104,-86.8138,1089,Materials engineer,02/11/1971,d1a6d080449325c78a0e1932043354e4,1384868298,32.638704,-87.683727
181,181,192507,27/08/2020 22:38,5540640000000000.0,"fraud_Weimann, Kuhic and Beahan",shopping_pos,3801.46,Kenneth,Foster,M,329 Michael Extension,Lawrence,MA,1843,42.6911,-71.1605,76383,Geoscientist,04/04/1985,f4233b42441274657d64ece8967b6782,1377643139,43.212531,-70.451707
182,182,391460,22/11/2020 01:11,6554250000000000.0,fraud_Kilback LLC,grocery_pos,102.73,Monique,Robinson,F,07712 Marcus Divide Apt. 831,Laguna Hills,CA,92637,33.615,-117.7114,45303,Sales executive,22/12/1969,4ae0e51d31e69c73e681ec87c0b3dd49,1385082707,34.22378,-117.216539
183,183,196196,29/08/2020 15:03,4642890000000.0,fraud_Bins-Howell,personal_care,104.97,Eddie,Mendez,M,1831 Faith View Suite 653,Clarinda,IA,51632,40.7491,-95.038,7297,IT trainer,13/07/1990,f6d557221bf2346f19cbad776e4c3f37,1377788636,40.753868,-95.656378
184,184,197603,30/08/2020 03:25,4277230000000000.0,"fraud_Rodriguez, Yost and Jenkins",misc_net,249.79,Jennifer,Vance,F,13299 Patrick Terrace,Rhame,ND,58651,46.1664,-103.7079,475,Illustrator,10/11/1955,6cbc2aaf28c1f050a4cb90324cd77f54,1377833142,46.356956,-103.49427
185,185,264451,27/09/2020 08:26,3502090000000000.0,fraud_Dach-Borer,grocery_net,72.25,Scott,Martin,M,31472 Cody Place Suite 740,Kensington,MD,20895,39.0298,-77.0793,19054,Operations geologist,08/09/1976,2333a37128cb80d0312685e262dda709,1380270362,39.694186,-77.039282
186,186,524827,25/12/2020 06:29,4.2097e+18,fraud_Conroy-Cruickshank,gas_transport,71.39,Sarah,Bell,F,6963 Russell Causeway Suite 231,Galatia,IL,62935,37.8274,-88.6235,1943,"Restaurant manager, fast food",19/10/1971,de55b6e3ddc02f4ba3a4394fa896f262,1387952976,37.336918,-88.983245
187,187,513150,22/12/2020 07:13,4294930000000.0,"fraud_Ferry, Lynch and Kautzer",misc_net,29.59,Misty,Rivera,F,1980 Vasquez Manors Apt. 574,Catawba,VA,24070,37.3696,-80.1284,1363,Equality and diversity officer,23/08/1940,c5ddff43207f53da320f0e24e8c64ed0,1387696398,37.814016,-80.939539
188,188,367305,10/11/2020 15:30,4412720000000000.0,fraud_Adams-Barrows,health_fitness,12.16,Richard,Marshall,M,295 Page Creek Suite 181,Greenbush,VA,23357,37.7681,-75.6664,776,Psychiatrist,17/11/1949,58781d4d9611123a5d52a8d9628c46d4,1384097422,37.186147,-74.916986
189,189,354242,05/11/2020 03:21,4.35579e+18,fraud_Miller-Hauck,grocery_pos,107.92,Tanner,Davis,M,2632 Stevens Light Apt. 213,Payson,IL,62360,39.8153,-91.2627,1656,Exhibition designer,04/08/1969,57195c888d6e707ae58df673f93c820d,1383621714,38.960787,-92.197813
190,190,211070,03/09/2020 16:09,4997730000000000.0,"fraud_Kuhic, Bins and Pfeffer",shopping_net,3.35,Stephanie,Taylor,F,598 Martin Pine Suite 365,Saint Paul,MN,55128,44.9913,-92.9487,753116,Fisheries officer,06/08/1971,97a490edb80608c5eb7e95ea364d0657,1378224551,45.887419,-93.723303
191,191,316779,19/10/2020 18:57,4294930000000.0,fraud_Stark-Batz,entertainment,44.61,Misty,Rivera,F,1980 Vasquez Manors Apt. 574,Catawba,VA,24070,37.3696,-80.1284,1363,Equality and diversity officer,23/08/1940,d93ad0fb7f73705c500855a9c1045eb9,1382209061,36.901714,-81.031987
192,192,419971,01/12/2020 16:27,371226000000000.0,fraud_Kertzmann LLC,health_fitness,41.04,Stacy,Lambert,F,85430 Julie Trafficway Suite 792,Mulberry Grove,IL,62262,38.9311,-89.2463,1810,Race relations officer,24/12/1974,79669a14e92ed9fd6b7869b55ae37fb9,1385915225,38.555163,-88.971171
193,193,76907,18/07/2020 08:54,676149000000.0,fraud_Heathcote LLC,shopping_net,5.47,Jennifer,Vega,F,91644 Crystal Drives,Eagarville,IL,62023,39.1118,-89.7855,91,Materials engineer,18/11/1962,3aa01f0032f11ab296e54eeb107db0f9,1374137685,38.715357,-89.960761
194,194,382132,17/11/2020 06:52,6554250000000000.0,fraud_Kuhn LLC,shopping_pos,9.76,Monique,Robinson,F,07712 Marcus Divide Apt. 831,Laguna Hills,CA,92637,33.615,-117.7114,45303,Sales executive,22/12/1969,3ab12175fd814adcfbccadbd7a2b484e,1384671128,33.649419,-118.421091
195,195,64107,13/07/2020 13:36,3531130000000000.0,"fraud_Roberts, Ryan and Smith",personal_care,5.29,Shelby,Mitchell,F,974 Cindy Stream,Brandon,VT,5733,43.8065,-73.0882,5895,"Scientist, marine",13/07/1975,8ebc3e012264d0db961e64f7c755d431,1373722608,43.098545,-73.701361
196,196,63654,13/07/2020 11:04,6534630000000000.0,fraud_Rodriguez Group,gas_transport,48.56,Christine,Harris,F,29606 Martinez Views Suite 653,Hinesburg,VT,5461,44.3346,-73.098,4542,Claims inspector/assessor,19/03/1998,2d872eda421a0719fbe4de3f3c4f72c6,1373713447,43.400667,-73.712709
197,197,21507,28/06/2020 21:04,30551600000000.0,fraud_Frami Group,entertainment,48.04,Morgan,Smith,F,1441 Bradley Place,Grover,NC,28073,35.1836,-81.4552,5621,Toxicologist,14/11/1973,3940c494e72993144f19d7c01dc95648,1372453452,35.432031,-81.019366
198,198,250566,21/09/2020 00:18,4384910000000000.0,fraud_Morissette LLC,entertainment,56.04,Michelle,Russell,F,55505 Christy Via,Hawley,MN,56549,46.9777,-96.4092,4508,Naval architect,24/04/1949,da3d5db8e2092a03aabd85c523bbabe5,1379722733,46.902838,-96.712539
199,199,15299,26/06/2020 15:40,373905000000000.0,"fraud_Brown, Homenick and Lesch",health_fitness,6.47,Sarah,Bishop,F,554 Mcdonald Valley Apt. 539,Meridian,TX,76665,31.929,-97.6443,2526,Phytotherapist,12/11/1970,b15a680b79d47de5b948167e44f3432b,1372261211,31.342149,-97.811242
